path,date,title,tags
2023-02-12-call-coming-from-inside-the-house.md,2023-02-12,Call Coming From Inside The House,meme
2014-03-17-my-heritage-pt-1.md,2014-03-17,My Heritage Pt 1,jokes
2024-07-14-liberalism-vs-leftism.md,2024-07-14,Liberalism Vs Leftism,politics
2023-02-11-lets-get-this-bread.md,2023-02-11,Lets Get This Bread,meme
2022-10-10-great-lines-the-shallow-promises-edition.md,2022-10-10,Great Lines The Shallow Promises Edition,greatlines
2022-06-19-happy-fathers-day.md,2022-06-19,Happy Fathers Day,memes
2009-08-18-paper-money-as-art.md,2009-08-18,Paper Money As Art,"art, metafilter"
2020-10-02-using-protection.md,2020-10-02,Using Protection,jokes
2021-07-31-were-talking-about-vaccines-all-wrong.md,2021-07-31,Were Talking About Vaccines All Wrong,"conspiracy, great lines"
2021-10-15-the-saga-of-bobby-abreu.md,2021-10-15,The Saga Of Bobby Abreu,sports
2021-11-08-an-innocent-turkish-gas-station.md,2021-11-08,An Innocent Turkish Gas Station,funny
2018-12-10-wise-words.md,2018-12-10,Wise Words,funny
2019-08-30-a-moral-defense-of-chidis-swoleness.md,2019-08-30,A Moral Defense Of Chidis Swoleness,"entertainment, awesome"
2016-05-06-youre-not-paid-to-think.md,2016-05-06,Youre Not Paid To Think,memes
2022-08-08-so emotional.md,2022-08-08,So Emotional,reddit
2020-05-25-unplugged.md,2020-05-25,Unplugged,great lines
2024-01-29-cat-lore.md,2024-01-29,Cat Lore,funny
2024-01-02-the-travesty-of-liberalism.md,2024-01-02,The Travesty Of Liberalism,politics
2014-07-09-jersey-shore-studies.md,2014-07-09,Jersey Shore Studies,jokes
2024-01-26-megan-the-horse.md,2024-01-26,Megan The Horse,funny
2016-08-01-ted-cruz's-college-days.md,2016-08-01,Ted Cruz'S College Days,politics
2021-10-09-a-new-journey.md,2021-10-09,A New Journey,work
2019-07-03-organizing-music.md,2019-07-03,Organizing Music,"organize, music"
2023-09-04-oop-leaves-and-her-kids-are-raised-by-a-wolfpack.md,2023-09-04,Oop Leaves And Her Kids Are Raised By A Wolfpack,stories
2012-05-01-detroit-dreams.md,2012-05-01,Detroit Dreams,thoughts
2021-01-29-make-us-worse.md,2021-01-29,Make Us Worse,funny
2023-07-18-apex-mullets.md,2023-07-18,Apex Mullets,humor
2017-03-17-st.-patty's-day.md,2017-03-17,St. Patty'S Day,humor
2011-07-19-a-union-story.md,2011-07-19,A Union Story,stories
2024-02-25-the-americans-who-need-chaos.md,2024-02-25,The Americans Who Need Chaos,politics
2021-08-03-words-to-live-by.md,2021-08-03,Words To Live By,great lines
2014-11-28-a-series-of-shocking-revelations.md,2014-11-28,A Series Of Shocking Revelations,funny
2022-06-02-calculated-mediocrity.md,2022-06-02,Calculated Mediocrity,"work, great lines"
2014-09-24-timely-advice.md,2014-09-24,Timely Advice,"jokes, stories"
2018-04-01-method-of-making-picks-in-the-fantasy-movie-league.md,2018-04-01,Method Of Making Picks In The Fantasy Movie League,games
2021-06-30-great-lines-the-hillbilly-elegy-edition.md,2021-06-30,Great Lines The Hillbilly Elegy Edition,"greatlines, newsletter"
2024-05-08-mamaw.md,2024-05-08,Mamaw,memes
2011-09-29-ascertaining-the-effect-of-the-g-thang-on-skill-level-in-hip-hop.md,2011-09-29,Ascertaining The Effect Of The G Thang On Skill Level In Hip Hop,
2009-08-12-reggie-miller-feuds-with-a-prince.md,2009-08-12,Reggie Miller Feuds With A Prince,funny
2020-04-30-great-lines-the-money-laundering-edition.md,2020-04-30,Great Lines The Money Laundering Edition,"greatlines, newsletter"
2020-06-15-employers-using-ai-to-snoop-on-employees.md,2020-06-15,Employers Using Ai To Snoop On Employees,work
2024-01-24-good-christians.md,2024-01-24,Good Christians,"religion, politics"
2013-07-18-authenticity.md,2013-07-18,Authenticity,
2013-06-02-send-me-cash-and-ill-send-you-more-cash.md,2013-06-02,Send Me Cash And Ill Send You More Cash,"law, stories"
2021-01-01-2-chainz.md,2021-01-01,2 Chainz,funny
2009-09-13-pakistani-rock.md,2009-09-13,Pakistani Rock,personal
2024-04-19-duality.md,2024-04-19,Duality,music
2023-12-26-oakley.md,2023-12-26,Oakley,greatlines
2020-08-26-great-lines-the-frankenghoul-edition.md,2020-08-26,Great Lines The Frankenghoul Edition,greatlines
2024-07-29-human-kindness.md,2024-07-29,Human Kindness,memes
2022-05-09-great-lines-the-child-must-not-be-an-obstacle.md,2022-05-09,Great Lines The Child Must Not Be An Obstacle,greatlines
2021-09-11-911-social-media-post-templates.md,2021-09-11,911 Social Media Post Templates,current events
2016-08-10-maybe-dont-go-in-there.md,2016-08-10,Maybe Dont Go In There,picture
2020-03-12-great-lines-the-bachelor-edition.md,2020-03-12,Great Lines The Bachelor Edition,"greatlines, newsletter"
2021-07-28-great-lines-the-dont-want-to-be-enlightened-edition.md,2021-07-28,Great Lines The Dont Want To Be Enlightened Edition,"greatlines, newsletter"
2017-07-09-first-principles:-elon-musk-on-the-power-of-thinking-for-yourself.md,2017-07-09,First Principles: Elon Musk On The Power Of Thinking For Yourself,
2022-05-23-great-lines-the-puppet-master-edition.md,2022-05-23,Great Lines The Puppet Master Edition,greatlines
2020-05-12-finding-everyday-heroes.md,2020-05-12,Finding Everyday Heroes,stories
2023-10-30-house-chores.md,2023-10-30,House Chores,humor
2023-01-02-great-lines-the-extreme-reaction-edition.md,2023-01-02,Great Lines The Extreme Reaction Edition,greatlines
2021-02-15-tubthumping.md,2021-02-15,Tubthumping,funny
2024-06-20-party-cove.md,2024-06-20,Party Cove,thoughts
2012-12-24-indian-movie-posters.md,2012-12-24,Indian Movie Posters,"art, entertainment, metafilter"
2015-11-22-black-friday.md,2015-11-22,Black Friday,great lines
2022-03-01-confronting-karen.md,2022-03-01,Confronting Karen,stories
2019-05-01-ncaa-picks.md,2019-05-01,Ncaa Picks,sports
2010-08-18-why-grow-up.md,2010-08-18,Why Grow Up,"metafilter, wisdom"
2009-08-10-zeitoun.md,2009-08-10,Zeitoun,"racism, uplifting, metafilter"
2023-06-19-great-lines-the-emotionally-invested-edition.md,2023-06-19,Great Lines The Emotionally Invested Edition,greatlines
2023-11-21-brown-people-love-all.md,2023-11-21,Brown People Love All,wholesome
2021-07-26-grit-isnt-always-a-plus.md,2021-07-26,Grit Isnt Always A Plus,greatlines
2022-10-30-walter-white.md,2022-10-30,Walter White,funny
2018-09-20-fitzpatricks-second-career.md,2018-09-20,Fitzpatricks Second Career,funny
2021-01-27-loyalty.md,2021-01-27,Loyalty,work
2021-01-14-accountability-at-dq.md,2021-01-14,Accountability At Dq,funny
2023-02-13-lets-just-be-honest.md,2023-02-13,Lets Just Be Honest,meme
2013-07-15-datin-moore-applying-the-process-to-your-romantic-life.md,2013-07-15,Datin Moore Applying The Process To Your Romantic Life,funny
2009-09-15-slap-sir-i-demand-satisfaction.md,2009-09-15,Slap Sir I Demand Satisfaction,"history, metafilter"
2012-06-07-nyc-late-1950s.md,2012-06-07,Nyc Late 1950S,cities
2024-05-04-make-fun-of-fascists.md,2024-05-04,Make Fun Of Fascists,politics
2020-04-14-great-lines-the-gucci-and-thug-edition.md,2020-04-14,Great Lines The Gucci And Thug Edition,"greatlines, newsletter"
2021-09-11-the-day-my-coworkers-and-i-chose-our-survival-over-our-supervisor.md,2021-09-11,The Day My Coworkers And I Chose Our Survival Over Our Supervisor,work
2011-11-02-mr-belvedere.md,2011-11-02,Mr Belvedere,stories
2024-04-05-legal-destiny.md,2024-04-05,Legal Destiny,humor
2024-07-24-milf-hunter.md,2024-07-24,Milf Hunter,"funny, video"
2021-03-30-wilt.md,2021-03-30,Wilt,great lines
2021-01-06-hyperfocuses.md,2021-01-06,Hyperfocuses,funny
2024-07-12-sharpe.md,2024-07-12,Sharpe,greatlines
2021-01-30-moist-money-sign.md,2021-01-30,Moist Money Sign,funny
2010-08-10-it-smoking.md,2010-08-10,It Smoking,picture
2021-11-25-is-this-food.md,2021-11-25,Is This Food,funny
2020-03-12-corona-tough-guys.md,2020-03-12,Corona Tough Guys,"covid, current events"
2021-02-21-culture-of-immediacy.md,2021-02-21,Culture Of Immediacy,work
2011-11-11-interesting-wardrobe.md,2011-11-11,Interesting Wardrobe,
2021-09-17-jon-bois-2014-nfl-draft-writeups.md,2021-09-17,Jon Bois 2014 Nfl Draft Writeups,"funny, sports"
2014-05-02-late-night-hotel.md,2014-05-02,Late Night Hotel,stories
2020-11-07-thoughts-on-trump.md,2020-11-07,Thoughts On Trump,"politics, extremists, current events"
2022-03-21-great-lines-the-insults-edition.md,2022-03-21,Great Lines The Insults Edition,greatlines
2009-02-27-she-makes-bad-decisions.md,2009-02-27,She Makes Bad Decisions,funny
2019-06-21-how-to-get-rich-without-getting-lucky.md,2019-06-21,How To Get Rich Without Getting Lucky,thinking
2024-05-05-tooth-fairy.md,2024-05-05,Tooth Fairy,funny
2021-12-15-a-lonely-rider.md,2021-12-15,A Lonely Rider,"animals, great lines"
2021-10-20-great-lines-the-arctic-wolf-hair-edition.md,2021-10-20,Great Lines The Arctic Wolf Hair Edition,greatlines
2017-06-01-superstud.md,2017-06-01,Superstud,great lines
2021-07-05-slim-charles.md,2021-07-05,Slim Charles,"great lines, memes"
2024-03-27-.priorities.md,2024-03-27,.Priorities,stories
2021-01-24-mahomes-and-kelce.md,2021-01-24,Mahomes And Kelce,"sports, funny"
2022-07-13-cookie-punishment.md,2022-07-13,Cookie Punishment,funny
2021-06-17-just-the-woman-for-the-job.md,2021-06-17,Just The Woman For The Job,absurdist
2023-08-15-excel-sucks.md,2023-08-15,Excel Sucks,stories
2023-02-13-great-lines-the-disgruntled-with-capitalism.md,2023-02-13,Great Lines The Disgruntled With Capitalism,greatlines
2015-01-13-what-do-insanely-wealthy-people-buy-that-ordinary-people-know-nothing-about.md,2015-01-13,What Do Insanely Wealthy People Buy That Ordinary People Know Nothing About,"rich, indepth"
2016-11-29-run-for-the-border.md,2016-11-29,Run For The Border,"law, stories"
2021-07-27-one-more-chance-translation.md,2021-07-27,One More Chance Translation,"music, funny"
2020-05-08-i-love-mess.md,2020-05-08,I Love Mess,memes
2014-12-18-office-xmas-parties.md,2014-12-18,Office Xmas Parties,jokes
2009-11-04-the-house-on-garibaldi-street.md,2009-11-04,The House On Garibaldi Street,"history, metafilter"
2023-12-05-jags-hat.md,2023-12-05,Jags Hat,humor
2020-07-08-great-lines-the-i-dont-have-an-opinion-edition.md,2020-07-08,Great Lines The I Dont Have An Opinion Edition,"greatlines, newsletter"
2023-05-16-tungsten-arm.md,2023-05-16,Tungsten Arm,funny
2024-02-04-ominous-positivity.md,2024-02-04,Ominous Positivity,funny
2024-07-14-destiny.md,2024-07-14,Destiny,funny
2023-08-04-gave-my-soul.md,2023-08-04,Gave My Soul,meme
2022-04-06-jeff-king-hated-baseball.md,2022-04-06,Jeff King Hated Baseball,sports
2021-09-08-great-lines-the-rules-of-employment-edition.md,2021-09-08,Great Lines The Rules Of Employment Edition,"greatlines, newsletter, wisdom"
2024-04-01-shota-imanaga.md,2024-04-01,Shota Imanaga,"thoughts, funny"
2021-05-05-my-heritage-pt-3.md,2021-05-05,My Heritage Pt 3,jokes
2010-03-17-famous-movie-quotes.md,2010-03-17,Famous Movie Quotes,"dataviz, picture, entertainment"
2024-02-29-stealing-jobs.md,2024-02-29,Stealing Jobs,politics
2024-03-27-ewing.md,2024-03-27,Ewing,funny
2017-05-13-the-ballad-of-the-whiskey-robber.md,2017-05-13,The Ballad Of The Whiskey Robber,great lines
2019-11-26-look-inside.md,2019-11-26,Look Inside,great lines
2021-01-10-confronting-the-cat.md,2021-01-10,Confronting The Cat,funny
2023-03-20-great-lines-the-tungsten-arm-odoyle-edition.md,2023-03-20,Great Lines The Tungsten Arm Odoyle Edition,greatlines
2020-01-07-good-el-vaquita.md,2020-01-07,Good El Vaquita,"funny, animals"
2024-03-03-meanest-kids.md,2024-03-03,Meanest Kids,mentalhealth
2021-05-16-jeddah-coast.md,2021-05-16,Jeddah Coast,cities
2016-11-02-evaluating-information.md,2016-11-02,Evaluating Information,thinking
2014-08-14-salmon-eating-a-bear.md,2014-08-14,Salmon Eating A Bear,art
2021-09-14-a-veteran-speaks-on-the-afghanistan-withdrawal.md,2021-09-14,A Veteran Speaks On The Afghanistan Withdrawal,politics
2021-08-10-how-bad-should-we-feel-when-the-willfully-unvaccinated-die.md,2021-08-10,How Bad Should We Feel When The Willfully Unvaccinated Die,covid
2022-06-01-butthole-pics.md,2022-06-01,Butthole Pics,funny
2022-03-07-great-lines-the-anxiety-cost-edition.md,2022-03-07,Great Lines The Anxiety Cost Edition,greatlines
2013-08-18-rap-disses.md,2013-08-18,Rap Disses,"funny, entertainment"
2022-06-06-great-lines-the-pretty-woman-edition.md,2022-06-06,Great Lines The Pretty Woman Edition,greatlines
2021-02-06-dog-with-peanut-butter.md,2021-02-06,Dog With Peanut Butter,funny
2024-03-02-ghost-story.md,2024-03-02,Ghost Story,"stories, tumblr"
2021-09-18-drama-king.md,2021-09-18,Drama King,memes
2021-08-23-learned-blockheads.md,2021-08-23,Learned Blockheads,"great lines, memes"
2020-04-02-great-lines-the-bulljivin-edition.md,2020-04-02,Great Lines The Bulljivin Edition,greatlines
2023-09-04-aita-for-saying-ill-be-driving-myself-and-paying-for-my-own-room-on-the-upcoming-family-vacation-so-i-wont-have-to-be-a-babysitter.md,2023-09-04,Aita For Saying Ill Be Driving Myself And Paying For My Own Room On The Upcoming Family Vacation So I Wont Have To Be A Babysitter,stories
2023-05-15-great-lines-the-confused-all-the-time-edition.md,2023-05-15,Great Lines The Confused All The Time Edition,greatlines
2015-07-29-the-winnow-fearnothing-royals-are-finally-here.md,2015-07-29,The Winnow Fearnothing Royals Are Finally Here,"great lines, sports"
2013-09-12-bettylassie.md,2013-09-12,Bettylassie,funny
2023-09-13-waiter.md,2023-09-13,Waiter,stories
2021-01-18-new-york-city-1950s.md,2021-01-18,New York City 1950S,cities
2015-01-24-love-doesnt-judge.md,2015-01-24,Love Doesnt Judge,"picture, retro"
2012-07-10-this-is-obviously-just-a-business.md,2012-07-10,This Is Obviously Just A Business,"great lines, funny"
2021-01-31-get-them-ribs-right.md,2021-01-31,Get Them Ribs Right,"funny, video"
2022-11-23-great-lines-the-mahomes-and-kelce-edition.md,2022-11-23,Great Lines The Mahomes And Kelce Edition,greatlines
2023-09-04-aita-for-being-upfront-and-telling-my-parents-that-i-am-putting-them-in-a-home.md,2023-09-04,Aita For Being Upfront And Telling My Parents That I Am Putting Them In A Home,stories
2012-03-15-accepted.md,2012-03-15,Accepted,entertainment
2012-06-03-beirut-1960.md,2012-06-03,Beirut 1960,cities
2024-07-30-church-or-club.md,2024-07-30,Church Or Club,"memes, religion"
2016-12-15-wisdom-from-killa-cam.md,2016-12-15,Wisdom From Killa Cam,great lines
2021-09-30-its-time.md,2021-09-30,Its Time,memes
2023-08-16-spoiling-my-appetite.md,2023-08-16,Spoiling My Appetite,"humor, kids"
2016-08-17-work-hard-for-it.md,2016-08-17,Work Hard For It,great lines
2021-09-27-where-is-your-god-now.md,2021-09-27,Where Is Your God Now,memes
2005-06-16-my-favorite-restaurant-in-sf.md,2005-06-16,My Favorite Restaurant In Sf,"picture, funny"
2013-11-27-get-your-fake-conscience-objections-off-my-lawn.md,2013-11-27,Get Your Fake Conscience Objections Off My Lawn,religion
2012-06-15-carnaby-street-london.md,2012-06-15,Carnaby Street London,cities
2023-01-05-do-the-right-thing.md,2023-01-05,Do The Right Thing,humor
2023-09-11-betting-on-my-kids-little-league-baseball-games.md,2023-09-11,Betting On My Kids Little League Baseball Games,"funny, betting"
2013-08-10-the-smartest-man.md,2013-08-10,The Smartest Man,memes
2021-12-24-great-lines-the-christmas-edition.md,2021-12-24,Great Lines The Christmas Edition,greatlines
2020-07-01-great-lines-the-old-man-in-poverty-edition.md,2020-07-01,Great Lines The Old Man In Poverty Edition,"greatlines, newsletter"
2011-11-11-interest.md,2011-11-11,Interest,"stories, personal"
2021-08-12-pine-tar-game.md,2021-08-12,Pine Tar Game,great lines
2011-08-19-puppet-master.md,2011-08-19,Puppet Master,great lines
2016-01-10-what-is-something-someone-said-that-changed-your-way-of-thinking-forever.md,2016-01-10,What Is Something Someone Said That Changed Your Way Of Thinking Forever,great lines
2023-02-10-birdman.md,2023-02-10,Birdman,meme
2022-08-29-great-lines-the-pretty-wild-stuff-edition.md,2022-08-29,Great Lines The Pretty Wild Stuff Edition,greatlines
2021-09-13-daves-restaurant-new-york-1984.md,2021-09-13,Daves Restaurant New York 1984,cities
2022-07-12-without-my-cookies.md,2022-07-12,Without My Cookies,funny
2013-03-08-translation-of-bandz-a-make-her-dance.md,2013-03-08,Translation Of Bandz A Make Her Dance,"funny, music"
2010-01-21-the-beginning.md,2010-01-21,The Beginning,funny
2021-01-03-20-dollars.md,2021-01-03,20 Dollars,funny
2024-07-01-moral-compass.md,2024-07-01,Moral Compass,thoughts
2021-03-20-great-lines-another-twitter-edition.md,2021-03-20,Great Lines Another Twitter Edition,greatlines
2021-04-17-great-lines-the-white-mans-word-edition.md,2021-04-17,Great Lines The White Mans Word Edition,"greatlines, newsletter"
2019-06-07-charlotte-nightmare.md,2019-06-07,Charlotte Nightmare,stories
2021-09-14-thrilling-and-hilarious.md,2021-09-14,Thrilling And Hilarious,great lines
2024-07-14-kawhi.md,2024-07-14,Kawhi,"sports, stories"
2017-04-29-ghetto-christ.md,2017-04-29,Ghetto Christ,"picture, awesome, entertainment"
2024-04-11-kick-in-the-door.md,2024-04-11,Kick In The Door,greatlines
2021-02-07-covid-pimp.md,2021-02-07,Covid Pimp,"funny, covid"
2021-05-26-moneys-fear.md,2021-05-26,Moneys Fear,greatlines
2012-11-10-cat-eating-a-burger.md,2012-11-10,Cat Eating A Burger,"animals, picture"
2021-12-20-vessel-for-my-mayhem.md,2021-12-20,Vessel For My Mayhem,"great lines, memes"
2010-07-11-the-college-guy-vs-high-schoolers.md,2010-07-11,The College Guy Vs High Schoolers,funny
2023-09-04-horror-stories-my-worst-day-at-the-buck.md,2023-09-04,Horror Stories My Worst Day At The Buck,stories
2020-08-18-great-lines-the-protest-pup-edition.md,2020-08-18,Great Lines The Protest Pup Edition,"greatlines, newsletter"
2024-07-21-kamala.md,2024-07-21,Kamala,"politics, thoughts"
2018-12-28-i-hated-hated-hated-this-movie.md,2018-12-28,I Hated Hated Hated This Movie,greatlines
2024-06-25-battles.md,2024-06-25,Battles,"mentalhealth, politics"
2010-10-08-the-dinner-party.md,2010-10-08,The Dinner Party,stories
2024-05-07-performance-evaluations.md,2024-05-07,Performance Evaluations,work
2022-10-24-great-lines-the-samantha-irby-edition.md,2022-10-24,Great Lines The Samantha Irby Edition,greatlines
2021-09-12-a-man-in-a-bowler-hat.md,2021-09-12,A Man In A Bowler Hat,cities
2012-06-13-new-york-city-winter-1960s.md,2012-06-13,New York City Winter 1960S,cities
2024-02-02-self-care-and-i-35.md,2024-02-02,Self Care And I 35,funny
2024-05-06-professor-gorilla.md,2024-05-06,Professor Gorilla,memes
2020-08-05-eastern-bloc-toughness.md,2020-08-05,Eastern Bloc Toughness,funny
2022-09-10-great-lines-the-silver-market-edition-9675.md,2022-09-10,Great Lines The Silver Market Edition 9675,greatlines
2024-05-12-memphis-cat.md,2024-05-12,Memphis Cat,funny
2013-06-06-people-who-tell-the-truth-arent-a-protected-class.md,2013-06-06,People Who Tell The Truth Arent A Protected Class,"law, stories"
2017-04-08-jokics-passes.md,2017-04-08,Jokics Passes,"sports, funny"
2022-12-05-great-lines-the-dead-garden-edition.md,2022-12-05,Great Lines The Dead Garden Edition,greatlines
2010-09-17-pen-and-pixel-a-retrospective.md,2010-09-17,Pen And Pixel A Retrospective,"music, art, metafilter"
2021-01-08-caesarian.md,2021-01-08,Caesarian,funny
2019-06-25-the-curse-of-having-an-opinion-about-everything.md,2019-06-25,The Curse Of Having An Opinion About Everything,thinking
2021-11-15-god-isnt-a-fan.md,2021-11-15,God Isnt A Fan,greatlines
2015-11-01-andy-reid.md,2015-11-01,Andy Reid,"sports, funny"
2024-08-05-texas-obituaries.md,2024-08-05,Texas Obituaries,"funny, tumblr"
2022-02-01-no-silver-lining.md,2022-02-01,No Silver Lining,great lines
2021-09-08-self-satisfaction.md,2021-09-08,Self Satisfaction,
2021-01-07-fine-sports-car.md,2021-01-07,Fine Sports Car,funny
2021-02-03-unique-skill.md,2021-02-03,Unique Skill,funny
2022-06-08-whats-for-dinner.md,2022-06-08,Whats For Dinner,stories
2021-03-15-muneer's-links.md,2021-03-15,Muneer'S Links,personal
2022-09-26-great-lines-the-leisure-class-edition.md,2022-09-26,Great Lines The Leisure Class Edition,greatlines
2011-11-11-areas-of-interest.md,2011-11-11,Areas Of Interest,personal
2017-01-12-great-lines-the-being-different-edition.md,2017-01-12,Great Lines The Being Different Edition,greatlines
2022-07-18-wil-wheaton-on-maga.md,2022-07-18,Wil Wheaton On Maga,funny
2023-04-23-mr.-belvedere.md,2023-04-23,Mr. Belvedere,
2020-07-31-great-lines-the-trump-rally-edition.md,2020-07-31,Great Lines The Trump Rally Edition,"great lines, newsletter"
2024-04-16-as-fandom.md,2024-04-16,As Fandom,baseball
2021-09-14-keenly-waiting-for-revenge.md,2021-09-14,Keenly Waiting For Revenge,great lines
2021-01-25-leisure-class.md,2021-01-25,Leisure Class,funny
2020-09-02-great-lines-the-focus-edition.md,2020-09-02,Great Lines The Focus Edition,greatlines
2020-12-15-saving-face.md,2020-12-15,Saving Face,stories
2020-03-19-great-lines-the-unsettling-edition.md,2020-03-19,Great Lines The Unsettling Edition,greatlines
2013-06-14-the-african-diamond-affair.md,2013-06-14,The African Diamond Affair,"law, stories"
2016-10-24-the-only-person-who-can-complain.md,2016-10-24,The Only Person Who Can Complain,"jokes, stories"
2012-05-25-muneerisms.md,2012-05-25,Muneerisms,great lines
2022-02-03-jim-harbaugh-is-all-business.md,2022-02-03,Jim Harbaugh Is All Business,"stories, funny"
2019-06-21-conspiracy-theorists.md,2019-06-21,Conspiracy Theorists,"conspiracy, thinking"
2013-03-29-forgetting-my-roots.md,2013-03-29,Forgetting My Roots,stories
2021-01-22-fighting-for-islam.md,2021-01-22,Fighting For Islam,"religion, funny"
2021-09-01-weird-celtics-twitter.md,2021-09-01,Weird Celtics Twitter,"absurdist, sports"
2013-08-12-law-schools-and-income-based-forgiveness.md,2013-08-12,Law Schools And Income Based Forgiveness,"lawschool, metafilter"
2022-02-24-dont-bring-him-home-to-mom.md,2022-02-24,Dont Bring Him Home To Mom,"memes, entertainment"
2024-02-16-agree-to-disagree.md,2024-02-16,Agree To Disagree,politics
2013-06-17-i-need-better-cell-service.md,2013-06-17,I Need Better Cell Service,"law, stories"
2024-07-26-prophet.md,2024-07-26,Prophet,greatlines
2021-11-04-london-1949.md,2021-11-04,London 1949,cities
2021-09-07-regulate-synopses.md,2021-09-07,Regulate Synopses,"music, entertainment"
2021-04-12-donut-boy.md,2021-04-12,Donut Boy,jokes
2024-03-04-playstation.md,2024-03-04,Playstation,funny
2024-08-10-walz.md,2024-08-10,Walz,"politics, greatlines"
2007-08-02-absinthe-monkey.md,2007-08-02,Absinthe Monkey,art
2021-02-11-our-core.md,2021-02-11,Our Core,funny
2020-02-10-blessed-with-inappropriate-confidence.md,2020-02-10,Blessed With Inappropriate Confidence,greatlines
2021-01-02-ride-or-die.md,2021-01-02,Ride Or Die,funny
2021-11-03-great-lines-the-great-power-burdens-me-edition.md,2021-11-03,Great Lines The Great Power Burdens Me Edition,greatlines
2012-06-08-hollywood-1960s.md,2012-06-08,Hollywood 1960S,cities
2021-09-22-great-lines-the-samantha-bee-edition.md,2021-09-22,Great Lines The Samantha Bee Edition,"greatlines, newsletter"
2024-04-23-arranged-marriage.md,2024-04-23,Arranged Marriage,
2012-06-21-the-problem-with-big-breasts.md,2012-06-21,The Problem With Big Breasts,"women, indepth"
2024-07-29-perlstein.md,2024-07-29,Perlstein,politics
2016-05-16-bautista-punch.md,2016-05-16,Bautista Punch,great lines
2021-11-24-great-lines-the-other-side-edition.md,2021-11-24,Great Lines The Other Side Edition,greatlines
2022-02-23-this-is-a-wild-ride.md,2022-02-23,This Is A Wild Ride,funny
2021-09-16-dont-play-with-his-honour.md,2021-09-16,Dont Play With His Honour,"memes, funny"
2021-08-09-obama-talking-trash.md,2021-08-09,Obama Talking Trash,"video, awesome"
2021-05-12-murder-tigers.md,2021-05-12,Murder Tigers,current events
2020-05-28-great-lines-the-flabby-hope-diamond-edition.md,2020-05-28,Great Lines The Flabby Hope Diamond Edition,"greatlines, newsletter"
2019-03-22-rap-caption.md,2019-03-22,Rap Caption,"funny, picture"
2021-08-29-murder-villages.md,2021-08-29,Murder Villages,"great lines, funny"
2011-06-02-hong-kong-1989.md,2011-06-02,Hong Kong 1989,cities
2023-03-12-wu-pool.md,2023-03-12,Wu Pool,funny
2021-01-07-great-lines-the-white-terrorism-edition.md,2021-01-07,Great Lines The White Terrorism Edition,"greatlines, newsletter"
2024-04-30-fireworks.md,2024-04-30,Fireworks,stories
2018-01-20-supplying-the-money.md,2018-01-20,Supplying The Money,great lines
2020-07-18-great-lines-the-beastliness-edition.md,2020-07-18,Great Lines The Beastliness Edition,greatlines
2020-05-14-great-lines-the-vice-edition.md,2020-05-14,Great Lines The Vice Edition,greatlines
2017-09-01-barbara-kruger.md,2017-09-01,Barbara Kruger,art
2021-04-01-got-my-pfizer-son.md,2021-04-01,Got My Pfizer Son,"current events, covid"
2020-11-13-a-most-ingenious-loophole.md,2020-11-13,A Most Ingenious Loophole,"funny, covid"
2022-12-22-cattle-rustling.md,2022-12-22,Cattle Rustling,humor
2007-07-13-panda-smuggling.md,2007-07-13,Panda Smuggling,
2021-11-29-educate-and-horrify.md,2021-11-29,Educate And Horrify,great lines
2021-04-10-great-lines-the-trolling-edition.md,2021-04-10,Great Lines The Trolling Edition,greatlines
2014-12-29-the-tea-party-gets-its-just-desserts.md,2014-12-29,The Tea Party Gets Its Just Desserts,"stories, politics"
2013-05-31-unfair-accusations.md,2013-05-31,Unfair Accusations,"law, stories"
2014-06-18-insecure-woman-tells-other-women-to-cover-it-up.md,2014-06-18,Insecure Woman Tells Other Women To Cover It Up,"religion, women"
2010-06-21-darkness.md,2010-06-21,Darkness,jokes
2021-01-05-the-syndicate.md,2021-01-05,The Syndicate,stories
2022-11-15-selling-sunset.md,2022-11-15,Selling Sunset,"humor, popculture"
2021-01-11-chill-dog.md,2021-01-11,Chill Dog,awesome
2021-09-02-hammers-banana-hammock.md,2021-09-02,Hammers Banana Hammock,memes
2022-01-04-feerse.md,2022-01-04,Feerse,memes
2023-06-16-pilot-scheme.md,2023-06-16,Pilot Scheme,schemes
2014-04-30-my-heritage-pt-2.md,2014-04-30,My Heritage Pt 2,jokes
2022-07-08-dreams-they-can-come-true.md,2022-07-08,Dreams They Can Come True,funny
2024-01-04-allegiance-to-the-grind.md,2024-01-04,Allegiance To The Grind,memes
2023-04-17-great-lines-the-supreme-design-edition.md,2023-04-17,Great Lines The Supreme Design Edition,greatlines
2012-06-30-fred-davis-attorney-at-law-the-courtroom-transcripts.md,2012-06-30,Fred Davis Attorney At Law The Courtroom Transcripts,great lines
2012-09-14-fair-and-lovely.md,2012-09-14,Fair And Lovely,stories
2024-07-16-butthair.md,2024-07-16,Butthair,"politics, funny"
2024-06-23-happy-idiots.md,2024-06-23,Happy Idiots,thinking
2021-09-09-eddie-murray-card.md,2021-09-09,Eddie Murray Card,sports
2021-02-13-texting-a-girl.md,2021-02-13,Texting A Girl,funny
2023-09-11-my-bully.md,2023-09-11,My Bully,stories
2017-03-01-trump.md,2017-03-01,Trump,humor
2009-11-08-commie-ball.md,2009-11-08,Commie Ball,"sports, metafilter"
2021-01-23-isle-of-it.md,2021-01-23,Isle Of It,funny
2021-02-02-independent-contractor.md,2021-02-02,Independent Contractor,work
2014-07-18-loads-of-tedious-work.md,2014-07-18,Loads Of Tedious Work,great lines
2024-07-17-lean.md,2024-07-17,Lean,"funny, racism"
2015-11-11-real-protection.md,2015-11-11,Real Protection,"jokes, ideas"
2017-10-31-halloween-2017.md,2017-10-31,Halloween 2017,jokes
2011-01-03-baron-davis-alley-oop-reaction.md,2011-01-03,Baron Davis Alley Oop Reaction,"sports, video"
2005-11-20-rasheed-wallace-on-darko-milicic.md,2005-11-20,Rasheed Wallace On Darko Milicic,"great lines, sports"
2012-06-17-nyc-1977.md,2012-06-17,Nyc 1977,cities
2021-04-24-the-booby-trap.md,2021-04-24,The Booby Trap,funny
2015-10-28-kc-vs-st-louis.md,2015-10-28,Kc Vs St Louis,"sports, great lines"
2013-06-01-the-party-boy.md,2013-06-01,The Party Boy,"law, stories"
2021-01-20-processed-ham.md,2021-01-20,Processed Ham,funny
2021-01-09-cat-bs.md,2021-01-09,Cat Bs,funny
2021-10-06-ive-won.md,2021-10-06,Ive Won,memes
2021-03-15-links.md,2021-03-15,Links,personal
2024-07-09-never-discuss-cheese.md,2024-07-09,Never Discuss Cheese,"work, funny"
2024-08-06-juggalo.md,2024-08-06,Juggalo,funny
2024-04-10-cya.md,2024-04-10,Cya,stories
2021-10-27-we-were-promised-hoverboards.md,2021-10-27,We Were Promised Hoverboards,entertainment
2013-10-12-leaving-early.md,2013-10-12,Leaving Early,stories
2017-09-20-paul-manaforts-hats.md,2017-09-20,Paul Manaforts Hats,"badpeople, politics"
2015-04-17-open-plan-offices.md,2015-04-17,Open Plan Offices,work
2023-06-05-great-lines-the-hardcore-kid-edition.md,2023-06-05,Great Lines The Hardcore Kid Edition,greatlines
2022-07-09-goldilocks.md,2022-07-09,Goldilocks,funny
2020-06-20-making-decisions.md,2020-06-20,Making Decisions,thinking
2021-06-24-a-defense-of-being-widely-read.md,2021-06-24,A Defense Of Being Widely Read,politics
2019-07-23-best-type-of-story.md,2019-07-23,Best Type Of Story,funny
2021-08-27-the-gay-community.md,2021-08-27,The Gay Community,jokes
2021-07-17-weddings-are-terrible-pt-1.md,2021-07-17,Weddings Are Terrible Pt 1,badpeople
2015-11-01-royals-2015-playoff-logos.md,2015-11-01,Royals 2015 Playoff Logos,"sports, art"
2005-08-29-the-purpose-of-reading.md,2005-08-29,The Purpose Of Reading,great lines
2021-02-10-samurai-code.md,2021-02-10,Samurai Code,funny
2019-11-28-lions.md,2019-11-28,Lions,"football, funny"
2009-09-07-communication-is-the-key.md,2009-09-07,Communication Is The Key,relationships
2017-01-08-maybe-its-you.md,2017-01-08,Maybe Its You,great lines
2011-11-01-the-shame-of-college-sports.md,2011-11-01,The Shame Of College Sports,sports
2012-06-10-swinging-london-1960s.md,2012-06-10,Swinging London 1960S,cities
2024-05-01-black-dudes.md,2024-05-01,Black Dudes,"funny, black"
2017-09-29-football-players-buy-xbox-for-kid-wearing-a-kaepernick-jersey.md,2017-09-29,Football Players Buy Xbox For Kid Wearing A Kaepernick Jersey,"uplifting, sports"
2017-07-24-tycho-brahe-had-a-gold-nose.md,2017-07-24,Tycho Brahe Had A Gold Nose,awesome
2011-09-03-missionary-hippo.md,2011-09-03,Missionary Hippo,memes
2013-02-21-6-insane-true-stories-more-badass-than-any-action-movie.md,2013-02-21,6 Insane True Stories More Badass Than Any Action Movie,great lines
2013-09-13-christs-strength.md,2013-09-13,Christs Strength,funny
2012-06-14-nyc-market.md,2012-06-14,Nyc Market,cities
2018-09-27-mummy.md,2018-09-27,Mummy,funny
2020-10-02-a-dream.md,2020-10-02,A Dream,great lines
2014-05-22-rich-people-conversations.md,2014-05-22,Rich People Conversations,"great lines, sports"
2021-11-03-sisters.md,2021-11-03,Sisters,memes
2010-08-11-crusader-cat.md,2010-08-11,Crusader Cat,art
2022-08-01-great-lines-the-vessel-for-my-mayhem-edition.md,2022-08-01,Great Lines The Vessel For My Mayhem Edition,greatlines
2024-05-03-deep-magic.md,2024-05-03,Deep Magic,funny
2013-07-12-chinchilla-boris-chinchilla.md,2013-07-12,Chinchilla Boris Chinchilla,"picture, names"
2018-07-24-the-dark-tetrad-of-personality-traits.md,2018-07-24,The Dark Tetrad Of Personality Traits,trolling
2021-03-04-bbq-business-idea.md,2021-03-04,Bbq Business Idea,jokes
2019-01-17-why-is-all-of-new-zealand-obsessed-with-this-drunken-littering-rowdy-tourist-family.md,2019-01-17,Why Is All Of New Zealand Obsessed With This Drunken Littering Rowdy Tourist Family,"travel, bad people"
2024-04-15-toyota-corolla.md,2024-04-15,Toyota Corolla,funny
2021-02-04-panda.md,2021-02-04,Panda,funny
2021-09-15-marrakech-morocco-1970s.md,2021-09-15,Marrakech Morocco 1970S,cities
2021-01-23-lauren-boebert.md,2021-01-23,Lauren Boebert,extremists
2024-02-15-ape-labor.md,2024-02-15,Ape Labor,funny
2018-08-02-brynn-camerons-new-contract.md,2018-08-02,Brynn Camerons New Contract,funny
2022-01-13-texting-girls.md,2022-01-13,Texting Girls,"funny, great lines"
2020-05-07-great-lines-the-larry-david-edition.md,2020-05-07,Great Lines The Larry David Edition,"greatlines, video, newsletter"
2021-05-09-jalen-roses-touching-tribute-to-his-mom.md,2021-05-09,Jalen Roses Touching Tribute To His Mom,uplifting
2020-12-22-shkreli.md,2020-12-22,Shkreli,"funny, bad people"
2021-06-28-the-internet-as-we-know-it.md,2021-06-28,The Internet As We Know It,great lines
2024-04-04-your-lucky-day.md,2024-04-04,Your Lucky Day,"baseball, humor"
2020-06-10-great-lines-the-black-spades-edition.md,2020-06-10,Great Lines The Black Spades Edition,"greatlines, newsletter"
2022-10-10-schooling-the-youth.md,2022-10-10,Schooling The Youth,
2014-07-10-its-not-right-but-its-ok.md,2014-07-10,Its Not Right But Its Ok,jokes
2021-11-29-new-york-city-1970s.md,2021-11-29,New York City 1970S,cities
2020-04-23-great-lines-all-the-smoke-edition.md,2020-04-23,Great Lines All The Smoke Edition,"greatlines, video, newsletter"
2023-08-03-brown-whale.md,2023-08-03,Brown Whale,humor
2020-06-04-the-big-antiracism-list.md,2020-06-04,The Big Antiracism List,"culture, history"
2013-06-21-emigrating-to-the-green-isle.md,2013-06-21,Emigrating To The Green Isle,"law, stories"
2021-10-25-precipitation.md,2021-10-25,Precipitation,funny
2021-02-09-sad-food.md,2021-02-09,Sad Food,funny
2021-11-10-great-lines-the-first-principles-edition.md,2021-11-10,Great Lines The First Principles Edition,greatlines
2021-12-08-great-lines-live-in-a-world-of-ghosts-edition.md,2021-12-08,Great Lines Live In A World Of Ghosts Edition,greatlines
2010-02-01-soft-drinks-around-the-world.md,2010-02-01,Soft Drinks Around The World,"food, metafilter"
2020-06-24-great-lines-the-egotistical-charlatan-edition.md,2020-06-24,Great Lines The Egotistical Charlatan Edition,"greatlines, newsletter"
2013-08-14-a-conversation-between-me-and-my-high-school-english-teacher.md,2013-08-14,A Conversation Between Me And My High School English Teacher,"stories, jokes"
2021-07-08-the-agony.md,2021-07-08,The Agony,jokes
2024-05-13-awkward-at-work.md,2024-05-13,Awkward At Work,"funny, work"
2024-01-30-dragon-slayers.md,2024-01-30,Dragon Slayers,funny
2021-02-14-flexing-on-the-haters.md,2021-02-14,Flexing On The Haters,funny
2021-01-12-almond-milk.md,2021-01-12,Almond Milk,funny
2024-06-02-aita-getting-bro-car.md,2024-06-02,Aita Getting Bro Car,reddit
2018-11-09-kobach.md,2018-11-09,Kobach,politics
2021-11-09-kids-unwinding.md,2021-11-09,Kids Unwinding,funny
2021-05-15-jeddah-overhead-views.md,2021-05-15,Jeddah Overhead Views,cities
2010-05-27-rosa-lees-story.md,2010-05-27,Rosa Lees Story,"ethnography, metafilter"
2020-06-03-great-lines-the-disagreement-edition.md,2020-06-03,Great Lines The Disagreement Edition,greatlines
2021-09-15-get-the-details-right.md,2021-09-15,Get The Details Right,great lines
2021-02-08-reese's-is-real.md,2021-02-08,Reese'S Is Real,funny
2024-07-14-starbucks.md,2024-07-14,Starbucks,"stories, tumblr"
2017-07-22-the-pettiest-tshirt.md,2017-07-22,The Pettiest Tshirt,"sports, picture"
2018-12-01-active-shooter.md,2018-12-01,Active Shooter,funny
2017-08-19-i-am-delivert.md,2017-08-19,I Am Delivert,"video, religion"
2022-07-11-conspiracies-are-easy.md,2022-07-11,Conspiracies Are Easy,funny
2021-10-24-the-best-job-in-the-world.md,2021-10-24,The Best Job In The World,"sports, advice"
2021-05-23-great-lines-the-denialism-edition.md,2021-05-23,Great Lines The Denialism Edition,greatlines
2019-01-02-snitches.md,2019-01-02,Snitches,"picture, awesome"
2021-11-12-muslim-meme.md,2021-11-12,Muslim Meme,"memes, religion"
2014-12-15-dj-khaled.md,2014-12-15,Dj Khaled,great lines
2022-01-20-the-kevin-chronicles.md,2022-01-20,The Kevin Chronicles,"badpeople, reddit"
2020-06-21-why-do-people-believe-in-conspiracy-theories.md,2020-06-21,Why Do People Believe In Conspiracy Theories,thinking
2020-12-30-the-best-nba-nickname.md,2020-12-30,The Best Nba Nickname,sports
2012-08-15-how-to-be-rich-like-a-rap-star.md,2012-08-15,How To Be Rich Like A Rap Star,entertainment
2010-07-18-urban-renewal.md,2010-07-18,Urban Renewal,"jokes, thoughts"
2021-01-04-aaron-jones-at-the-airport.md,2021-01-04,Aaron Jones At The Airport,uplifting
2015-11-26-thanksgiving-2015.md,2015-11-26,Thanksgiving 2015,jokes
2020-05-27-donkey-nannies.md,2020-05-27,Donkey Nannies,jokes
2022-07-16-roomba.md,2022-07-16,Roomba,funny
2014-08-28-knowledge-bowl.md,2014-08-28,Knowledge Bowl,stories
2017-08-20-go-on-to-the-bitter-end.md,2017-08-20,Go On To The Bitter End,great lines
2014-05-28-magnum-reboot.md,2014-05-28,Magnum Reboot,"jokes, ideas"
2024-07-30-bryan-hoeing.md,2024-07-30,Bryan Hoeing,"thoughts, funny"
2020-07-23-great-lines-the-look-good-edition.md,2020-07-23,Great Lines The Look Good Edition,"greatlines, newsletter"
2018-06-20-desire.md,2018-06-20,Desire,great lines
2012-06-05-karachi-1963.md,2012-06-05,Karachi 1963,cities
2021-01-28-maga-greeting.md,2021-01-28,Maga Greeting,politics
2024-05-11-orca-song.md,2024-05-11,Orca Song,memes
2013-06-24-i-cant-help-where-i-have-to-park.md,2013-06-24,I Cant Help Where I Have To Park,"law, stories"
2024-06-10-dinesh.md,2024-06-10,Dinesh,"stories, personal"
2024-07-24-kareem-on-trump.md,2024-07-24,Kareem On Trump,"greatlines, politics"
2009-07-28-get-your-schadenfreude-here.md,2009-07-28,Get Your Schadenfreude Here,"internet, metafilter"
2021-08-11-great-lines-the-show-me-im-making-a-mistake-edition.md,2021-08-11,Great Lines The Show Me Im Making A Mistake Edition,greatlines
2021-01-15-drake's-house.md,2021-01-15,Drake'S House,funny
2017-05-01-baker.md,2017-05-01,Baker,humor
2016-12-10-j-cole.md,2016-12-10,J Cole,funny
2024-01-28-problem-gambler-strategy.md,2024-01-28,Problem Gambler Strategy,funny
2012-06-04-broadway-nyc-1949.md,2012-06-04,Broadway Nyc 1949,cities
2024-07-19-we-dont-have-people.md,2024-07-19,We Dont Have People,mentalhealth
2024-08-05-playing-the-villain.md,2024-08-05,Playing The Villain,tumblr
2021-11-17-no-early-worms-here.md,2021-11-17,No Early Worms Here,great lines
2021-01-21-icu-reiki.md,2021-01-21,Icu Reiki,covid
2012-01-16-engagement-celebration.md,2012-01-16,Engagement Celebration,funny
2022-07-17-shake-noses.md,2022-07-17,Shake Noses,cute
2013-09-01-random-totally-random.md,2013-09-01,Random Totally Random,thoughts
2022-02-02-tell-me-what-i-want-to-hear.md,2022-02-02,Tell Me What I Want To Hear,"great lines, facts"
2019-12-20-weirdness.md,2019-12-20,Weirdness,wisdom
2021-10-21-a-great-power-burdens-me.md,2021-10-21,A Great Power Burdens Me,great lines
2014-05-06-tattooed-tears.md,2014-05-06,Tattooed Tears,jokes
2023-09-04-aita-for-greatly-increasing-my-husbands-chores-and-dismissing-his-complaints-after-he-called-me-a-homemaker.md,2023-09-04,Aita For Greatly Increasing My Husbands Chores And Dismissing His Complaints After He Called Me A Homemaker,stories
2024-08-07-turkish-shooter.md,2024-08-07,Turkish Shooter,funny
2021-02-19-i-crave-violence.md,2021-02-19,I Crave Violence,funny
2022-07-18-great-lines-the-essence-of-madness-edition.md,2022-07-18,Great Lines The Essence Of Madness Edition,greatlines
2021-02-12-taco-bell-plan.md,2021-02-12,Taco Bell Plan,funny
2016-11-09-2016-election-thoughts.md,2016-11-09,2016 Election Thoughts,current events
2021-11-16-treat-em-right.md,2021-11-16,Treat Em Right,picture
2017-10-03-well-worn-wisdom.md,2017-10-03,Well Worn Wisdom,jokes
2020-12-23-crow-bodyguard-liability.md,2020-12-23,Crow Bodyguard Liability,awesome
2020-06-19-el-negro-matapacos-a-love-story.md,2020-06-19,El Negro Matapacos A Love Story,awesome
2021-12-06-the-banality-of-evil.md,2021-12-06,The Banality Of Evil,"conspiracy, great lines"
2023-01-30-great-lines-the-foolish-capering-edition.md,2023-01-30,Great Lines The Foolish Capering Edition,greatlines
2012-06-11-midtown-nyc-1973.md,2012-06-11,Midtown Nyc 1973,cities
2022-11-07-great-lines-the-sentient-applebees-margarita-7363.md,2022-11-07,Great Lines The Sentient Applebees Margarita 7363,greatlines
2024-05-14-make-it-rain-pt-2.md,2024-05-14,Make It Rain Pt 2,funny
2012-08-19-beyonce-the-wonder-chicken.md,2012-08-19,Beyonce The Wonder Chicken,funny
2023-04-03-great-lines-the-unelected-wizards-edition.md,2023-04-03,Great Lines The Unelected Wizards Edition,greatlines
2024-03-01-joking.md,2024-03-01,Joking,funny
2014-07-02-dustin-diamond.md,2014-07-02,Dustin Diamond,jokes
2021-11-02-employee-should-be-grateful-that-company-pays-her-what-shes-owed.md,2021-11-02,Employee Should Be Grateful That Company Pays Her What Shes Owed,work
2020-10-05-king-ralph-in-real-life.md,2020-10-05,King Ralph In Real Life,jokes
2023-12-29-empathy.md,2023-12-29,Empathy,politics
2021-02-05-olive-garden.md,2021-02-05,Olive Garden,funny
2022-01-27-badass-cat.md,2022-01-27,Badass Cat,"memes, animals"
2024-05-09-mascot.md,2024-05-09,Mascot,funny
2023-05-01-great-lines-the-future-is-meaningless-edition.md,2023-05-01,Great Lines The Future Is Meaningless Edition,greatlines
2020-10-13-tofu.md,2020-10-13,Tofu,jokes
2022-08-15-great-lines-the-hire-a-dog-edition.md,2022-08-15,Great Lines The Hire A Dog Edition,greatlines
2024-07-25-rnc-grindr.md,2024-07-25,Rnc Grindr,politics
2023-08-03-tea-party-progression.md,2023-08-03,Tea Party Progression,politics
2012-09-20-the-life-of-2pac.md,2012-09-20,The Life Of 2Pac,"entertainment, indepth"
2017-05-02-montecristo.md,2017-05-02,Montecristo,books
2022-09-12-great-lines-the-buy-groceries-from-a-failure.md,2022-09-12,Great Lines The Buy Groceries From A Failure,greatlines
2021-02-18-violence-isn't-the-answer.md,2021-02-18,Violence Isn'T The Answer,funny
2021-01-18-toxic-work-environment.md,2021-01-18,Toxic Work Environment,funny
2023-11-20-synod-of-nephews.md,2023-11-20,Synod Of Nephews,greatlines
2014-10-30-2014-royals-game-7-live-blog.md,2014-10-30,2014 Royals Game 7 Live Blog,"sports, liveblogs"
2024-03-02-truth.md,2024-03-02,Truth,politics
2021-11-10-getting-valued-the-right-way.md,2021-11-10,Getting Valued The Right Way,life
2012-01-01-happy-new-year.md,2012-01-01,Happy New Year,stories
2007-05-06-my-hatred-of-the-french.md,2007-05-06,My Hatred Of The French,stories
2021-07-18-sisqo-on-creating-the-thong-song.md,2021-07-18,Sisqo On Creating The Thong Song,entertainment
2016-12-25-xmas-2016.md,2016-12-25,Xmas 2016,jokes
2024-07-30-laugh-at-them.md,2024-07-30,Laugh At Them,"politics, thoughts"
2019-02-19-mr-big-chest.md,2019-02-19,Mr Big Chest,"sports, funny"
2023-09-15-indian-shuffle-celebration.md,2023-09-15,Indian Shuffle Celebration,meme
2014-10-20-marketing.md,2014-10-20,Marketing,life
2014-12-25-xmas-2014.md,2014-12-25,Xmas 2014,jokes
2009-10-15-report-majority-of-newspapers-now-purchased-by-kidnappers-to-prove-date.md,2009-10-15,Report Majority Of Newspapers Now Purchased By Kidnappers To Prove Date,funny
2020-09-01-boyz-ii-men.md,2020-09-01,Boyz Ii Men,memes
2022-03-30-great-lines-the-2015-royals-edition.md,2022-03-30,Great Lines The 2015 Royals Edition,greatlines
2013-06-07-making-money-shouldnt-be-so-hard.md,2013-06-07,Making Money Shouldnt Be So Hard,"law, stories"
2022-04-25-great-lines-the-believe-in-dinosaurs-edition.md,2022-04-25,Great Lines The Believe In Dinosaurs Edition,greatlines
2021-08-19-karens.md,2021-08-19,Karens,racism
2024-02-03-limits-of-your-comprehension.md,2024-02-03,Limits Of Your Comprehension,funny
2020-11-04-the-presidents-as-mario-characters.md,2020-11-04,The Presidents As Mario Characters,"politics, jokes"
2015-11-27-josh-norman.md,2015-11-27,Josh Norman,great lines
2022-11-16-be-better.md,2022-11-16,Be Better,humor
2021-10-21-urban-kindness.md,2021-10-21,Urban Kindness,funny
2023-02-27-great-lines-the-victim-to-vanity-edition.md,2023-02-27,Great Lines The Victim To Vanity Edition,greatlines
2015-02-09-awesome-sam-brownback-shirt.md,2015-02-09,Awesome Sam Brownback Shirt,awesome
2021-08-02-vital-public-health-information.md,2021-08-02,Vital Public Health Information,great lines
2014-10-15-these-os-aint-royal.md,2014-10-15,These Os Aint Royal,"sports, funny"
2012-06-20-las-vegas-1960.md,2012-06-20,Las Vegas 1960,cities
2021-10-07-boss-dogs-are-hard-to-find.md,2021-10-07,Boss Dogs Are Hard To Find,memes
2018-08-21-towa-tei-live-set.md,2018-08-21,Towa Tei Live Set,"video, music"
2014-06-24-crazy-alternative.md,2014-06-24,Crazy Alternative,jokes
2017-01-12-different.md,2017-01-12,Different,great lines
2021-01-19-grindr.md,2021-01-19,Grindr,funny
2020-10-21-the-true-story-of-donald-trump-secret-action-hero.md,2020-10-21,The True Story Of Donald Trump Secret Action Hero,"funny, politics"
2024-02-16-gun control.md,2024-02-16,Gun Control,thoughts
2015-12-31-do-they-hang-around-rich-guys-as-a-job.md,2015-12-31,Do They Hang Around Rich Guys As A Job,"women, indepth"
2016-10-17-red-flags.md,2016-10-17,Red Flags,work
2015-07-04-july-4.md,2015-07-04,July 4,"jokes, personal"
2012-06-19-nyc-rainstorm-1960s.md,2012-06-19,Nyc Rainstorm 1960S,cities
2024-01-31-eloquence.md,2024-01-31,Eloquence,funny
2022-03-25-deli-ham.md,2022-03-25,Deli Ham,great lines
2021-11-09-new-york-city-subway-1970s.md,2021-11-09,New York City Subway 1970S,cities
2021-06-16-great-lines-the-infinite-choices-edition.md,2021-06-16,Great Lines The Infinite Choices Edition,"greatlines, newsletter"
2022-03-24-this-photo-of-dick-vitale-is-art.md,2022-03-24,This Photo Of Dick Vitale Is Art,"picture, great lines"
2022-04-04-great-lines-the-weird-situations-edition.md,2022-04-04,Great Lines The Weird Situations Edition,greatlines
2021-02-23-xkcd-puppets.md,2021-02-23,Xkcd Puppets,funny
2024-05-05-adhd-at-work.md,2024-05-05,Adhd At Work,funny
2021-08-19-awesome-slides.md,2021-08-19,Awesome Slides,"awesome, sports"
2021-06-02-great-lines-the-barbershop-edition.md,2021-06-02,Great Lines The Barbershop Edition,greatlines
2014-09-05-no-more-jeans.md,2014-09-05,No More Jeans,"life, jokes"
2024-07-21-godsfear.md,2024-07-21,Godsfear,funny
2012-06-16-early-1960s-piccadilly-circus.md,2012-06-16,Early 1960S Piccadilly Circus,cities
2017-02-20-bach-liveblog.md,2017-02-20,Bach Liveblog,"entertainment, liveblogs, tv"
2023-09-14-nostalgia.md,2023-09-14,Nostalgia,stories
2021-10-06-great-lines-the-wholly-repellent-edition.md,2021-10-06,Great Lines The Wholly Repellent Edition,greatlines
2023-04-27-reorienting-people.md,2023-04-27,Reorienting People,humor
2023-09-04-aita-for-refusing-to-pay-my-daughters-sorority-dues.md,2023-09-04,Aita For Refusing To Pay My Daughters Sorority Dues,"stories, reddit"
2021-01-13-covid-warning-sign.md,2021-01-13,Covid Warning Sign,funny
2021-01-26-len-dawson.md,2021-01-26,Len Dawson,sports
2021-02-21-bespoke.md,2021-02-21,Bespoke,funny
2018-10-10-becoming-a-man.md,2018-10-10,Becoming A Man,"jokes, stories"
2022-07-10-apes-labor.md,2022-07-10,Apes Labor,funny
2021-01-31-mom-pole.md,2021-01-31,Mom Pole,funny
2024-08-06-autistic.md,2024-08-06,Autistic,mentalhealth
2023-11-30-childs-gift.md,2023-11-30,Childs Gift,"humor, gambling"
2012-06-09-nyc-kids-1970s.md,2012-06-09,Nyc Kids 1970S,cities
2017-03-19-paul-pierce.md,2017-03-19,Paul Pierce,"stories, sports"
2024-02-01-dust-bowl-horse.md,2024-02-01,Dust Bowl Horse,funny
2023-06-17-accept-your-flowers.md,2023-06-17,Accept Your Flowers,uplifting
2017-03-10-bill-belichick-conspiracy-theory.md,2017-03-10,Bill Belichick Conspiracy Theory,football
2012-09-17-punjabi.md,2012-09-17,Punjabi,jokes
2022-06-20-great-lines-the-support-group-edition.md,2022-06-20,Great Lines The Support Group Edition,greatlines
2013-09-25-can-someone-please-explain-to-me-how-one-would-fake-the-funk-on-a-nasty-dunk.md,2013-09-25,Can Someone Please Explain To Me How One Would Fake The Funk On A Nasty Dunk,great lines
2018-08-19-power-or-the-holy-ghost.md,2018-08-19,Power Or The Holy Ghost,video
2011-06-01-karachi.md,2011-06-01,Karachi,cities
2021-08-18-roger-eberts-searing-critiques.md,2021-08-18,Roger Eberts Searing Critiques,greatlines
2019-06-22-knocking-down-a-steel-man:-how-to-argue-better.md,2019-06-22,Knocking Down A Steel Man: How To Argue Better,thinking
2010-07-13-ery-day.md,2010-07-13,Ery Day,"funny, picture"
2021-08-05-going-back-to-high-school.md,2021-08-05,Going Back To High School,"stories, jokes"
2012-06-18-nyc-elevated-train.md,2012-06-18,Nyc Elevated Train,cities
2024-04-19-baez.md,2024-04-19,Baez,humor
2022-02-22-no-pto-for-you.md,2022-02-22,No Pto For You,stories
2021-07-14-imminent-unmasking.md,2021-07-14,Imminent Unmasking,
2024-05-02-miette.md,2024-05-02,Miette,funny
2012-07-31-chelsea-peretti.md,2012-07-31,Chelsea Peretti,great lines
2019-03-06-my-speedometers-growing-up.md,2019-03-06,My Speedometers Growing Up,"picture, personal"
2019-06-23-the-other-side-is-not-dumb.md,2019-06-23,The Other Side Is Not Dumb,politics
2021-12-28-shallow-promises.md,2021-12-28,Shallow Promises,"great lines, memes"
2022-05-09-gimme-the-tea.md,2022-05-09,Gimme The Tea,meme
2013-11-30-sci-fi.md,2013-11-30,Sci Fi,entertainment
2020-11-13-joe-biden-is-right-for-america-to-heal-we-must-find-common-ground-with-trump-supporters.md,2020-11-13,Joe Biden Is Right For America To Heal We Must Find Common Ground With Trump Supporters,"politics, great lines"
2014-10-11-loukanikos.md,2014-10-11,Loukanikos,animals
2015-10-27-world-series-prediction.md,2015-10-27,World Series Prediction,great lines
2012-03-11-hate-the-game.md,2012-03-11,Hate The Game,jokes
2019-06-26-the-abolition-of-work.md,2019-06-26,The Abolition Of Work,work
2011-05-15-kareem-making-his-feelings-clear.md,2011-05-15,Kareem Making His Feelings Clear,picture
2022-05-24-presents.md,2022-05-24,Presents,stories
2023-01-16-great-lines-the-twitter-problems-edition.md,2023-01-16,Great Lines The Twitter Problems Edition,greatlines
2021-10-20-grandpas-are-the-best.md,2021-10-20,Grandpas Are The Best,funny
2021-08-16-work-attire.md,2021-08-16,Work Attire,"great lines, memes"
2023-09-04-double-talk.md,2023-09-04,Double Talk,stories
2024-03-05-rockies-jumbotron.md,2024-03-05,Rockies Jumbotron,funny
2010-12-03-bullied-at-work.md,2010-12-03,Bullied At Work,stories
2024-06-10-tucupita-marcano.md,2024-06-10,Tucupita Marcano,funny
2021-07-21-celine-dion.md,2021-07-21,Celine Dion,great lines
2021-02-01-astronaut-revenge.md,2021-02-01,Astronaut Revenge,funny
2024-03-06-gutter.md,2024-03-06,Gutter,"funny, mentalhealth"
2021-07-08-totalitarianism.md,2021-07-08,Totalitarianism,"great lines, politics"
2020-05-06-sech.md,2020-05-06,Sech,jokes
2021-07-03-family-karma-liveblog-7321.md,2021-07-03,Family Karma Liveblog 7321,tv
2018-09-07-larrys-kidney.md,2018-09-07,Larrys Kidney,great lines
2017-05-22-nihilists-have-to-eat-too.md,2017-05-22,Nihilists Have To Eat Too,absurdist
2022-12-19-great-lines-the-mtv-grind-edition.md,2022-12-19,Great Lines The Mtv Grind Edition,greatlines
2019-01-15-the-seventh-seal.md,2019-01-15,The Seventh Seal,great lines
2022-07-04-great-lines-the-out-of-office-response-edition.md,2022-07-04,Great Lines The Out Of Office Response Edition,greatlines
2024-06-02-parent-rant.md,2024-06-02,Parent Rant,parentification
2024-07-25-78-year-old-criminal.md,2024-07-25,78 Year Old Criminal,politics
2020-08-07-great-lines-the-killer-mike-edition.md,2020-08-07,Great Lines The Killer Mike Edition,"greatlines, newsletter"
2013-07-03-praying-on-it.md,2013-07-03,Praying On It,stupid
2021-01-19-new-york-city-1954.md,2021-01-19,New York City 1954,cities
2017-06-26-child-prodigy.md,2017-06-26,Child Prodigy,"sports, awesome"
2024-08-11-rejecting-bad-faith.md,2024-08-11,Rejecting Bad Faith,politics
2020-08-12-great-lines-the-i-dont-make-very-much-edition.md,2020-08-12,Great Lines The I Dont Make Very Much Edition,"greatlines, newsletter"
2024-05-10-what-i-really-said.md,2024-05-10,What I Really Said,funny
2020-08-14-why-college-students-want-to-go-back-to-campus.md,2020-08-14,Why College Students Want To Go Back To Campus,"sex, indepth"
2024-05-14-arbys.md,2024-05-14,Arbys,funny
2024-08-01-clown-on-vance.md,2024-08-01,Clown On Vance,politics
2021-09-19-codex-vitae.md,2021-09-19,Codex Vitae,personal
2022-06-09-aubergine.md,2022-06-09,Aubergine,funny
2021-09-16-maybe-theyre-just-terrible-people.md,2021-09-16,Maybe Theyre Just Terrible People,trolling
2021-07-14-great-lines-the-rented-family-edition.md,2021-07-14,Great Lines The Rented Family Edition,"greatlines, newsletter"
2024-03-28-case-for-marrying-old.md,2024-03-28,Case For Marrying Old,politics
2024-01-27-sister-wants-to-walk-down-the-aisle-at-my-wedding-we-use-that-to-our-advantage.md,2024-01-27,Sister Wants To Walk Down The Aisle At My Wedding We Use That To Our Advantage,"reddit, parents"
2021-02-20-gen-z-work-ethic.md,2021-02-20,Gen Z Work Ethic,work
2013-08-03-speedometer.md,2013-08-03,Speedometer,jokes
2024-07-17-sparkling-water.md,2024-07-17,Sparkling Water,funny
2022-07-14-fantasy-football.md,2022-07-14,Fantasy Football,funny
2021-09-20-homosexual-mists.md,2021-09-20,Homosexual Mists,memes
2024-03-07-the-8-hour-work-day.md,2024-03-07,The 8 Hour Work Day,work
2012-07-05-a-special-club.md,2012-07-05,A Special Club,great lines
2021-11-07-1990s-cellphones.md,2021-11-07,1990S Cellphones,"cities, retro"
2022-07-06-absolute-savagery.md,2022-07-06,Absolute Savagery,great lines
2021-06-14-personal-tool-stack.md,2021-06-14,Personal Tool Stack,personal
2020-04-09-great-lines-the-abolishing-work-edition.md,2020-04-09,Great Lines The Abolishing Work Edition,"greatlines, newsletter"
2019-06-29-a-better-way-to-look-at-most-every-political-issue.md,2019-06-29,A Better Way To Look At Most Every Political Issue,politics
2021-06-22-trust-no-one.md,2021-06-22,Trust No One,great lines
2021-08-20-nba-tough-guys.md,2021-08-20,Nba Tough Guys,sports
2021-03-13-great-lines-the-sibling-business-edition.md,2021-03-13,Great Lines The Sibling Business Edition,"greatlines, newsletter"
2021-09-03-the-nights-arent-just-for-sleeping.md,2021-09-03,The Nights Arent Just For Sleeping,memes
2013-08-06-the-day-i-lost-faith-in-our-justice-system.md,2013-08-06,The Day I Lost Faith In Our Justice System,stories
2021-02-17-vcr.md,2021-02-17,Vcr,funny
2021-04-03-great-lines-the-24-hours-to-live-edition.md,2021-04-03,Great Lines The 24 Hours To Live Edition,"greatlines, newsletter"
2013-06-19-just-send-it-to-my-house.md,2013-06-19,Just Send It To My House,"law, stories"
2021-03-27-great-lines-the-nixontrump-edition.md,2021-03-27,Great Lines The Nixontrump Edition,greatlines
2020-09-16-great-lines-the-antivaxxer-edition.md,2020-09-16,Great Lines The Antivaxxer Edition,greatlines
2024-08-11-nazi-bar.md,2024-08-11,Nazi Bar,"politics, stories"
2024-02-28-white-trap.md,2024-02-28,White Trap,funny
2013-05-30-theres-only-one-motel-in-odessa-tx.md,2013-05-30,Theres Only One Motel In Odessa Tx,"law, stories"
2021-06-19-san-jose-sharks-celebrate-juneteenth.md,2021-06-19,San Jose Sharks Celebrate Juneteenth,"sports, stupid"
2014-01-15-icet-podcast-live-blog.md,2014-01-15,Icet Podcast Live Blog,greatlines
2021-08-09-love-island.md,2021-08-09,Love Island,"jokes, entertainment"
2017-07-09-use-your-brain.md,2017-07-09,Use Your Brain,great lines
2018-10-20-great-job-advice.md,2018-10-20,Great Job Advice,wisdom
2012-06-06-minneapolis-1970s.md,2012-06-06,Minneapolis 1970S,cities
2024-08-07-immigration.md,2024-08-07,Immigration,"politics, thoughts"
2021-08-06-lies.md,2021-08-06,Lies,great lines
2013-08-01-mugabe.md,2013-08-01,Mugabe,jokes
